"id","titles","titlesVN","release","certificate","runtime","genre","rates","directors","images"
"1","The Trial of the Chicago 7","Phiên Tòa Chicago 7","2020","R","129 min","drama,history,thriller","7.9","Aaron Sorkin","https://m.media-amazon.com/images/G/01/imdb/images/nopicture/large/film-184890147._CB466725069_.png"
"2","Tenet","Tenet","2020","PG-13","150 min","action,sci-fi","7.8","Christopher Nolan","https://m.media-amazon.com/images/G/01/imdb/images/nopicture/large/film-184890147._CB466725069_.png"
"3","The Gentlemen","Quý Ông Thế Giới Ngầm","2019","R","113 min","action,comedy,crime","7.9","Guy Ritchie","https://m.media-amazon.com/images/G/01/imdb/images/nopicture/large/film-184890147._CB466725069_.png"
"4","Rebecca","Rebecca","1940","Approved","130 min","drama,mystery,romance","8.1","Alfred Hitchcock","https://m.media-amazon.com/images/G/01/imdb/images/nopicture/large/film-184890147._CB466725069_.png"
"5","Moneyball","Moneyball","2011","PG-13","133 min","biography,drama,sport","7.6","Bennett Miller","https://m.media-amazon.com/images/G/01/imdb/images/nopicture/large/film-184890147._CB466725069_.png"
"6","The Nightmare Before Christmas","The Nightmare Before Christmas","1993","PG","76 min","animation,family,fantasy","8.0","Henry Selick","https://m.media-amazon.com/images/G/01/imdb/images/nopicture/large/film-184890147._CB466725069_.png"
"7","Ferris Bueller's Day Off","Ferris Bueller's Day Off","1986","PG-13","103 min","comedy","7.8","John Hughes","https://m.media-amazon.com/images/G/01/imdb/images/nopicture/large/film-184890147._CB466725069_.png"
"8","Halloween","Halloween","1978","R","91 min","horror,thriller","7.8","John Carpenter","https://m.media-amazon.com/images/G/01/imdb/images/nopicture/large/film-184890147._CB466725069_.png"
"9","The Shining","The Shining","1980","R","146 min","drama,horror","8.4","Stanley Kubrick","https://m.media-amazon.com/images/G/01/imdb/images/nopicture/large/film-184890147._CB466725069_.png"
"10","1917","1917","2019","R","119 min","drama,war","8.3","Sam Mendes","https://m.media-amazon.com/images/G/01/imdb/images/nopicture/large/film-184890147._CB466725069_.png"
"11","Harry Potter and the Sorcerer's Stone","Harry Potter và Hòn Đá Phù Thủy","2001","PG","152 min","adventure,family,fantasy","7.6","Chris Columbus","https://m.media-amazon.com/images/G/01/imdb/images/nopicture/large/film-184890147._CB466725069_.png"
"12","Once Upon a Time... In Hollywood","Chuyện Ngày Xưa Ở... Hollywood","2019","R","161 min","comedy,drama","7.6","Quentin Tarantino","https://m.media-amazon.com/images/G/01/imdb/images/nopicture/large/film-184890147._CB466725069_.png"
"13","Knives Out","Kẻ Đâm Lén","2019","PG-13","130 min","comedy,crime,drama","7.9","Rian Johnson","https://m.media-amazon.com/images/G/01/imdb/images/nopicture/large/film-184890147._CB466725069_.png"
"14","One Flew Over the Cuckoo's Nest","Bay Trên Tổ Chim Cúc Cu","1975","R","133 min","drama","8.7","Milos Forman","https://m.media-amazon.com/images/G/01/imdb/images/nopicture/large/film-184890147._CB466725069_.png"
"15","Avengers: Endgame","Avengers: Hồi Kết","2019","PG-13","181 min","action,adventure,drama","8.4","Anthony Russo","https://m.media-amazon.com/images/G/01/imdb/images/nopicture/large/film-184890147._CB466725069_.png"
"16","Parasite","Ký Sinh Trùng","2019","R","132 min","comedy,drama,thriller","8.6","Bong Joon Ho","https://m.media-amazon.com/images/G/01/imdb/images/nopicture/large/film-184890147._CB466725069_.png"
"17","Joker","Joker","2019","R","122 min","crime,drama,thriller","8.5","Todd Phillips","https://m.media-amazon.com/images/G/01/imdb/images/nopicture/large/film-184890147._CB466725069_.png"
"18","The Wolf of Wall Street","Sói Già Phố Wall","2013","R","180 min","biography,crime,drama","8.2","Martin Scorsese","https://m.media-amazon.com/images/G/01/imdb/images/nopicture/large/film-184890147._CB466725069_.png"
"19","The Shawshank Redemption","Nhà tù Shawshank","1994","R","142 min","drama","9.3","Frank Darabont","https://m.media-amazon.com/images/G/01/imdb/images/nopicture/large/film-184890147._CB466725069_.png"
"20","The Silence of the Lambs","Sự Im Lặng Của Bầy Cừu","1991","R","118 min","crime,drama,thriller","8.6","Jonathan Demme","https://m.media-amazon.com/images/G/01/imdb/images/nopicture/large/film-184890147._CB466725069_.png"
"21","Back to the Future","Trở Lại Tương Lai","1985","PG","116 min","adventure,comedy,sci-fi","8.5","Robert Zemeckis","https://m.media-amazon.com/images/G/01/imdb/images/nopicture/large/film-184890147._CB466725069_.png"
"22","Hamilton","Hamilton","2020","PG-13","160 min","biography,drama,history","8.6","Thomas Kail","https://m.media-amazon.com/images/G/01/imdb/images/nopicture/large/film-184890147._CB466725069_.png"
"23","The Godfather","Bố Già","1972","R","175 min","crime,drama","9.2","Francis Ford Coppola","https://m.media-amazon.com/images/G/01/imdb/images/nopicture/large/film-184890147._CB466725069_.png"
"24","Interstellar","Hố Đen Tử Thần","2014","PG-13","169 min","adventure,drama,sci-fi","8.6","Christopher Nolan","https://m.media-amazon.com/images/G/01/imdb/images/nopicture/large/film-184890147._CB466725069_.png"
"25","The Dark Knight","Kỵ Sĩ Bóng Đêm","2008","PG-13","152 min","action,crime,drama","9.0","Christopher Nolan","https://m.media-amazon.com/images/G/01/imdb/images/nopicture/large/film-184890147._CB466725069_.png"
"26","Ghostbusters","Ghostbusters","1984","PG","105 min","action,comedy,fantasy","7.8","Ivan Reitman","https://m.media-amazon.com/images/G/01/imdb/images/nopicture/large/film-184890147._CB466725069_.png"
"27","Jojo Rabbit","Jojo Rabbit","2019","PG-13","108 min","comedy,drama,war","7.9","Taika Waititi","https://m.media-amazon.com/images/G/01/imdb/images/nopicture/large/film-184890147._CB466725069_.png"
"28","Pulp Fiction","Pulp Fiction","1994","R","154 min","crime,drama","8.9","Quentin Tarantino","https://m.media-amazon.com/images/G/01/imdb/images/nopicture/large/film-184890147._CB466725069_.png"
"29","The Exorcist","The Exorcist","1973","R","122 min","horror","8.0","William Friedkin","https://m.media-amazon.com/images/G/01/imdb/images/nopicture/large/film-184890147._CB466725069_.png"
"30","Spider-Man: Into the Spider-Verse","Người Nhện: Vũ Trụ Mới","2018","PG","117 min","animation,action,adventure","8.4","Bob Persichetti","https://m.media-amazon.com/images/G/01/imdb/images/nopicture/large/film-184890147._CB466725069_.png"
"31","The Thing","The Thing","1982","R","109 min","horror,mystery,sci-fi","8.1","John Carpenter","https://m.media-amazon.com/images/G/01/imdb/images/nopicture/large/film-184890147._CB466725069_.png"
"32","Inception","Kẻ Đánh Cắp Giấc Mơ","2010","PG-13","148 min","action,adventure,sci-fi","8.8","Christopher Nolan","https://m.media-amazon.com/images/G/01/imdb/images/nopicture/large/film-184890147._CB466725069_.png"
"33","Psycho","Psycho","1960","R","109 min","horror,mystery,thriller","8.5","Alfred Hitchcock","https://m.media-amazon.com/images/G/01/imdb/images/nopicture/large/film-184890147._CB466725069_.png"
"34","Ford v Ferrari","Cuộc Đua Lịch Sử","2019","PG-13","152 min","action,biography,drama","8.1","James Mangold","https://m.media-amazon.com/images/G/01/imdb/images/nopicture/large/film-184890147._CB466725069_.png"
"35","The Lord of the Rings: The Fellowship of the Ring","The Lord of the Rings: The Fellowship of the Ring","2001","PG-13","178 min","action,adventure,drama","8.8","Peter Jackson","https://m.media-amazon.com/images/G/01/imdb/images/nopicture/large/film-184890147._CB466725069_.png"
"36","Alien","Alien","1979","R","117 min","horror,sci-fi","8.4","Ridley Scott","https://m.media-amazon.com/images/G/01/imdb/images/nopicture/large/film-184890147._CB466725069_.png"
"37","Little Women","Những Người Phụ Nữ Bé Nhỏ","2019","PG","135 min","drama,romance","7.8","Greta Gerwig","https://m.media-amazon.com/images/G/01/imdb/images/nopicture/large/film-184890147._CB466725069_.png"
"38","Fargo","Fargo","1996","R","98 min","crime,drama,thriller","8.1","Joel Coen","https://m.media-amazon.com/images/G/01/imdb/images/nopicture/large/film-184890147._CB466725069_.png"
"39","Avengers: Infinity War","Avengers: Cuộc Chiến Vô Cực","2018","PG-13","149 min","action,adventure,sci-fi","8.4","Anthony Russo","https://m.media-amazon.com/images/G/01/imdb/images/nopicture/large/film-184890147._CB466725069_.png"
"40","Titanic","Titanic","1997","PG-13","194 min","drama,romance","7.8","James Cameron","https://m.media-amazon.com/images/G/01/imdb/images/nopicture/large/film-184890147._CB466725069_.png"
"41","Harry Potter and the Goblet of Fire","Harry Potter và Chiếc Cốc Lửa","2005","PG-13","157 min","adventure,family,fantasy","7.7","Mike Newell","https://m.media-amazon.com/images/G/01/imdb/images/nopicture/large/film-184890147._CB466725069_.png"
"42","Inglourious Basterds","Định Mệnh","2009","R","153 min","adventure,drama,war","8.3","Quentin Tarantino","https://m.media-amazon.com/images/G/01/imdb/images/nopicture/large/film-184890147._CB466725069_.png"
"43","Blade Runner 2049","Tội Phạm Nhân Bản 2049","2017","R","164 min","action,drama,mystery","8.0","Denis Villeneuve","https://m.media-amazon.com/images/G/01/imdb/images/nopicture/large/film-184890147._CB466725069_.png"
"44","Call Me by Your Name","Call Me by Your Name","2017","R","132 min","drama,romance","7.9","Luca Guadagnino","https://m.media-amazon.com/images/G/01/imdb/images/nopicture/large/film-184890147._CB466725069_.png"
"45","Se7en","Se7en","1995","R","127 min","crime,drama,mystery","8.6","David Fincher","https://m.media-amazon.com/images/G/01/imdb/images/nopicture/large/film-184890147._CB466725069_.png"
"46","The Matrix","Ma Trận","1999","R","136 min","action,sci-fi","8.7","Lana Wachowski","https://m.media-amazon.com/images/G/01/imdb/images/nopicture/large/film-184890147._CB466725069_.png"
"47","Deadpool 2","Deadpool 2","2018","R","119 min","action,adventure,comedy","7.7","David Leitch","https://m.media-amazon.com/images/G/01/imdb/images/nopicture/large/film-184890147._CB466725069_.png"
"48","The Big Lebowski","The Big Lebowski","1998","R","117 min","comedy,crime,sport","8.1","Joel Coen","https://m.media-amazon.com/images/G/01/imdb/images/nopicture/large/film-184890147._CB466725069_.png"
"49","Goodfellas","Goodfellas","1990","R","146 min","biography,crime,drama","8.7","Martin Scorsese","https://m.media-amazon.com/images/G/01/imdb/images/nopicture/large/film-184890147._CB466725069_.png"
"50","Watchmen","Người Hùng Báo Thù","2009","R","162 min","action,drama,mystery","7.6","Zack Snyder","https://m.media-amazon.com/images/G/01/imdb/images/nopicture/large/film-184890147._CB466725069_.png"
"51","Get Out","Trốn Thoát","i 2017","R","104 min","horror,mystery,thriller","7.7","Jordan Peele","https://m.media-amazon.com/images/G/01/imdb/images/nopicture/large/film-184890147._CB466725069_.png"
"52","Forrest Gump","Forrest Gump","1994","PG-13","142 min","drama,romance","8.8","Robert Zemeckis","https://m.media-amazon.com/images/G/01/imdb/images/nopicture/large/film-184890147._CB466725069_.png"
"53","Fight Club","Fight Club","1999","R","139 min","drama","8.8","David Fincher","https://m.media-amazon.com/images/G/01/imdb/images/nopicture/large/film-184890147._CB466725069_.png"
"54","Mad Max: Fury Road","Max Điên: Con Đường Tử Thần","2015","R","120 min","action,adventure,sci-fi","8.1","George Miller","https://m.media-amazon.com/images/G/01/imdb/images/nopicture/large/film-184890147._CB466725069_.png"
"55","Harry Potter and the Deathly Hallows: Part 2","Harry Potter và Bảo Bối Tử Thần: Phần 2","2011","PG-13","130 min","adventure,drama,fantasy","8.1","David Yates","https://m.media-amazon.com/images/G/01/imdb/images/nopicture/large/film-184890147._CB466725069_.png"
"56","Requiem for a Dream","Nguyen Cau Cho Mot Giac Mo","2000","R","102 min","drama","8.3","Darren Aronofsky","https://m.media-amazon.com/images/G/01/imdb/images/nopicture/large/film-184890147._CB466725069_.png"
"57","The Departed","Điệp Vụ Boston","2006","R","151 min","crime,drama,thriller","8.5","Martin Scorsese","https://m.media-amazon.com/images/G/01/imdb/images/nopicture/large/film-184890147._CB466725069_.png"
"58","Dazed and Confused","Dazed and Confused","1993","R","102 min","comedy","7.6","Richard Linklater","https://m.media-amazon.com/images/G/01/imdb/images/nopicture/large/film-184890147._CB466725069_.png"
"59","Thor: Ragnarok","Thor: Tận Thế Ragnarok","2017","PG-13","130 min","action,adventure,comedy","7.9","Taika Waititi","https://m.media-amazon.com/images/G/01/imdb/images/nopicture/large/film-184890147._CB466725069_.png"
"60","The Birds","The Birds","1963","PG-13","119 min","drama,horror,mystery","7.7","Alfred Hitchcock","https://m.media-amazon.com/images/G/01/imdb/images/nopicture/large/film-184890147._CB466725069_.png"
"61","Gone Girl","Cô Gái Mất Tích","2014","R","149 min","drama,mystery,thriller","8.1","David Fincher","https://m.media-amazon.com/images/G/01/imdb/images/nopicture/large/film-184890147._CB466725069_.png"
"62","Zodiac","Zodiac","2007","R","157 min","crime,drama,mystery","7.7","David Fincher","https://m.media-amazon.com/images/G/01/imdb/images/nopicture/large/film-184890147._CB466725069_.png"
"63","Harry Potter and the Prisoner of Azkaban","Harry Potter và Tên Tù Nhân Ngục Azkaban","2004","PG","142 min","adventure,family,fantasy","7.9","Alfonso Cuarón","https://m.media-amazon.com/images/G/01/imdb/images/nopicture/large/film-184890147._CB466725069_.png"
"64","The Irishman","Người Đàn Ông Ireland","2019","R","209 min","biography,crime,drama","7.9","Martin Scorsese","https://m.media-amazon.com/images/G/01/imdb/images/nopicture/large/film-184890147._CB466725069_.png"
"65","The Goonies","The Goonies","1985","PG","114 min","adventure,comedy,family","7.8","Richard Donner","https://m.media-amazon.com/images/G/01/imdb/images/nopicture/large/film-184890147._CB466725069_.png"
"66","Pride & Prejudice","Kiêu Hãnh và Định Kiến","2005","PG","129 min","drama,romance","7.8","Joe Wright","https://m.media-amazon.com/images/G/01/imdb/images/nopicture/large/film-184890147._CB466725069_.png"
"67","Tombstone","Tombstone","1993","R","130 min","action,biography,drama","7.8","George P. Cosmatos","https://m.media-amazon.com/images/G/01/imdb/images/nopicture/large/film-184890147._CB466725069_.png"
"68","The Dark Knight Rises","Kỵ Sĩ Bóng Đêm Trỗi Dậy","2012","PG-13","164 min","action,adventure","8.4","Christopher Nolan","https://m.media-amazon.com/images/G/01/imdb/images/nopicture/large/film-184890147._CB466725069_.png"
"69","Coraline","Coraline","2009","PG","100 min","animation,drama,family","7.7","Henry Selick","https://m.media-amazon.com/images/G/01/imdb/images/nopicture/large/film-184890147._CB466725069_.png"
"70","The Social Network","Mạng Xã Hội","2010","PG-13","120 min","biography,drama","7.7","David Fincher","https://m.media-amazon.com/images/G/01/imdb/images/nopicture/large/film-184890147._CB466725069_.png"
"71","Guardians of the Galaxy","Vệ Binh Giải Ngân Hà","2014","PG-13","121 min","action,adventure,comedy","8.0","James Gunn","https://m.media-amazon.com/images/G/01/imdb/images/nopicture/large/film-184890147._CB466725069_.png"
"72","Baby Driver","Quái Xế Baby","2017","R","113 min","action,crime,music","7.6","Edgar Wright","https://m.media-amazon.com/images/G/01/imdb/images/nopicture/large/film-184890147._CB466725069_.png"
"73","Deadpool","Deadpool","2016","R","108 min","action,adventure,comedy","8.0","Tim Miller","https://m.media-amazon.com/images/G/01/imdb/images/nopicture/large/film-184890147._CB466725069_.png"
"74","Schindler's List","Bản Danh Sách Của Schindler","1993","R","195 min","biography,drama,history","8.9","Steven Spielberg","https://m.media-amazon.com/images/G/01/imdb/images/nopicture/large/film-184890147._CB466725069_.png"
"75","American Beauty","Vẻ Đẹp Mỹ","1999","R","122 min","drama","8.3","Sam Mendes","https://m.media-amazon.com/images/G/01/imdb/images/nopicture/large/film-184890147._CB466725069_.png"
"76","The Fifth Element","The Fifth Element","1997","PG-13","126 min","action,adventure,sci-fi","7.7","Luc Besson","https://m.media-amazon.com/images/G/01/imdb/images/nopicture/large/film-184890147._CB466725069_.png"
"77","The Peanut Butter Falcon","The Peanut Butter Falcon","2019","PG-13","97 min","comedy,drama","7.6","Tyler Nilson","https://m.media-amazon.com/images/G/01/imdb/images/nopicture/large/film-184890147._CB466725069_.png"
"78","Coco","Coco","i 2017","PG","105 min","animation,adventure,family","8.4","Lee Unkrich","https://m.media-amazon.com/images/G/01/imdb/images/nopicture/large/film-184890147._CB466725069_.png"
"79","Gladiator","Gladiator","2000","R","155 min","action,adventure,drama","8.5","Ridley Scott","https://m.media-amazon.com/images/G/01/imdb/images/nopicture/large/film-184890147._CB466725069_.png"
"80","Django Unchained","Hành Trình Django","2012","R","165 min","drama,western","8.4","Quentin Tarantino","https://m.media-amazon.com/images/G/01/imdb/images/nopicture/large/film-184890147._CB466725069_.png"
"81","E.T. the Extra-Terrestrial","E.T. the Extra-Terrestrial","1982","PG","115 min","family,sci-fi","7.8","Steven Spielberg","https://m.media-amazon.com/images/G/01/imdb/images/nopicture/large/film-184890147._CB466725069_.png"
"82","The Green Mile","The Green Mile","1999","R","189 min","crime,drama,fantasy","8.6","Frank Darabont","https://m.media-amazon.com/images/G/01/imdb/images/nopicture/large/film-184890147._CB466725069_.png"
"83","Edward Scissorhands","Người Kéo Học Yêu","1990","PG-13","105 min","drama,fantasy,romance","7.9","Tim Burton","https://m.media-amazon.com/images/G/01/imdb/images/nopicture/large/film-184890147._CB466725069_.png"
"84","Léon: The Professional","Léon","1994","R","110 min","action,crime,drama","8.5","Luc Besson","https://m.media-amazon.com/images/G/01/imdb/images/nopicture/large/film-184890147._CB466725069_.png"
"85","Casino Royale","Sòng Bạc Hoàng Gia","2006","PG-13","144 min","action,adventure,thriller","8.0","Martin Campbell","https://m.media-amazon.com/images/G/01/imdb/images/nopicture/large/film-184890147._CB466725069_.png"
"86","The Lord of the Rings: The Return of the King","The Lord of the Rings: The Return of the King","2003","PG-13","201 min","action,adventure,drama","8.9","Peter Jackson","https://m.media-amazon.com/images/G/01/imdb/images/nopicture/large/film-184890147._CB466725069_.png"
"87","Mission: Impossible - Fallout","Nhiệm Vụ Bất Khả Thi: Sụp Đổ","2018","PG-13","147 min","action,adventure,thriller","7.7","Christopher McQuarrie","https://m.media-amazon.com/images/G/01/imdb/images/nopicture/large/film-184890147._CB466725069_.png"
"88","Dunkirk","Cuộc Di Tản Dunkirk","2017","PG-13","106 min","action,drama,history","7.9","Christopher Nolan","https://m.media-amazon.com/images/G/01/imdb/images/nopicture/large/film-184890147._CB466725069_.png"
"89","The Prestige","Ảo Thuật Gia Đấu Trí","2006","PG-13","130 min","drama,mystery,sci-fi","8.5","Christopher Nolan","https://m.media-amazon.com/images/G/01/imdb/images/nopicture/large/film-184890147._CB466725069_.png"
"90","American Psycho","American Psycho","2000","R","101 min","comedy,crime,drama","7.6","Mary Harron","https://m.media-amazon.com/images/G/01/imdb/images/nopicture/large/film-184890147._CB466725069_.png"
"91","Drive","Drive","i 2011","R","100 min","crime,drama","7.8","Nicolas Winding Refn","https://m.media-amazon.com/images/G/01/imdb/images/nopicture/large/film-184890147._CB466725069_.png"
"92","No Country for Old Men","Không Chốn Dung Thân","2007","R","122 min","crime,drama,thriller","8.1","Ethan Coen","https://m.media-amazon.com/images/G/01/imdb/images/nopicture/large/film-184890147._CB466725069_.png"
"93","Apocalypse Now","Apocalypse Now","1979","R","147 min","drama,mystery,war","8.4","Francis Ford Coppola","https://m.media-amazon.com/images/G/01/imdb/images/nopicture/large/film-184890147._CB466725069_.png"
"94","Jurassic Park","Công Viên Kỷ Jura","1993","PG-13","127 min","action,adventure,sci-fi","8.1","Steven Spielberg","https://m.media-amazon.com/images/G/01/imdb/images/nopicture/large/film-184890147._CB466725069_.png"
"95","Taxi Driver","Taxi Driver","1976","R","114 min","crime,drama","8.3","Martin Scorsese","https://m.media-amazon.com/images/G/01/imdb/images/nopicture/large/film-184890147._CB466725069_.png"
"96","Spotlight","Spotlight","i 2015","R","129 min","biography,crime,drama","8.1","Tom McCarthy","https://m.media-amazon.com/images/G/01/imdb/images/nopicture/large/film-184890147._CB466725069_.png"
"97","The Princess Bride","The Princess Bride","1987","PG","98 min","adventure,family,fantasy","8.1","Rob Reiner","https://m.media-amazon.com/images/G/01/imdb/images/nopicture/large/film-184890147._CB466725069_.png"
"98","Avatar","Avatar","2009","PG-13","162 min","action,adventure,fantasy","7.8","James Cameron","https://m.media-amazon.com/images/G/01/imdb/images/nopicture/large/film-184890147._CB466725069_.png"
"99","Airplane!","Airplane!","1980","PG","88 min","comedy","7.7","Jim Abrahams","https://m.media-amazon.com/images/G/01/imdb/images/nopicture/large/film-184890147._CB466725069_.png"
"100","Prisoners","Lần Theo Dấu Vết","2013","R","153 min","crime,drama,mystery","8.1","Denis Villeneuve","https://m.media-amazon.com/images/G/01/imdb/images/nopicture/large/film-184890147._CB466725069_.png"
"101","Aliens","Nhung Nguoi Ngoai Hanh Tinh","1986","R","137 min","action,adventure,sci-fi","8.3","James Cameron","https://m.media-amazon.com/images/G/01/imdb/images/nopicture/large/film-184890147._CB466725069_.png"
"102","Batman Begins","Người Dơi Xuất Hiện","2005","PG-13","140 min","action,adventure","8.2","Christopher Nolan","https://m.media-amazon.com/images/G/01/imdb/images/nopicture/large/film-184890147._CB466725069_.png"
"103","The Sixth Sense","Giác Quan Thứ Sáu","1999","PG-13","107 min","drama,mystery,thriller","8.1","M. Night Shyamalan","https://m.media-amazon.com/images/G/01/imdb/images/nopicture/large/film-184890147._CB466725069_.png"
"104","Harry Potter and the Half-Blood Prince","Harry Potter và Hoàng Tử Lai","2009","PG","153 min","action,adventure,family","7.6","David Yates","https://m.media-amazon.com/images/G/01/imdb/images/nopicture/large/film-184890147._CB466725069_.png"
"105","Home Alone","Ở Nhà Một Mình","1990","PG","103 min","comedy,family","7.6","Chris Columbus","https://m.media-amazon.com/images/G/01/imdb/images/nopicture/large/film-184890147._CB466725069_.png"
"106","The Hobbit: An Unexpected Journey","Người Hobbit: Hành Trình Vô Định","2012","PG-13","169 min","adventure,fantasy","7.8","Peter Jackson","https://m.media-amazon.com/images/G/01/imdb/images/nopicture/large/film-184890147._CB466725069_.png"
"107","About Time","Dã Dên Lúc","i 2013","R","123 min","comedy,drama,fantasy","7.8","Richard Curtis","https://m.media-amazon.com/images/G/01/imdb/images/nopicture/large/film-184890147._CB466725069_.png"
"108","Shutter Island","Đảo Kinh Hoàng","2010","R","138 min","mystery,thriller","8.2","Martin Scorsese","https://m.media-amazon.com/images/G/01/imdb/images/nopicture/large/film-184890147._CB466725069_.png"
"109","Three Billboards Outside Ebbing, Missouri","Three Billboards: Truy Tìm Công Lý","2017","R","115 min","comedy,crime,drama","8.2","Martin McDonagh","https://m.media-amazon.com/images/G/01/imdb/images/nopicture/large/film-184890147._CB466725069_.png"
"110","Green Book","Green Book","2018","PG-13","130 min","biography,comedy,drama","8.2","Peter Farrelly","https://m.media-amazon.com/images/G/01/imdb/images/nopicture/large/film-184890147._CB466725069_.png"
"111","Braveheart","Trái Tim Dũng Cảm","1995","R","178 min","biography,drama,history","8.3","Mel Gibson","https://m.media-amazon.com/images/G/01/imdb/images/nopicture/large/film-184890147._CB466725069_.png"
"112","Whiplash","Whiplash","2014","R","106 min","drama,music","8.5","Damien Chazelle","https://m.media-amazon.com/images/G/01/imdb/images/nopicture/large/film-184890147._CB466725069_.png"
"113","Die Hard","Die Hard","1988","R","132 min","action,thriller","8.2","John McTiernan","https://m.media-amazon.com/images/G/01/imdb/images/nopicture/large/film-184890147._CB466725069_.png"
"114","Love Actually","Yêu Thực Sự","2003","R","135 min","comedy,drama,romance","7.6","Richard Curtis","https://m.media-amazon.com/images/G/01/imdb/images/nopicture/large/film-184890147._CB466725069_.png"
"115","Blade Runner","Blade Runner","1982","R","117 min","action,sci-fi,thriller","8.1","Ridley Scott","https://m.media-amazon.com/images/G/01/imdb/images/nopicture/large/film-184890147._CB466725069_.png"
"116","Pirates of the Caribbean: The Curse of the Black Pearl","Pirates of the Caribbean: The Curse of the Black Pearl","2003","PG-13","143 min","action,adventure,fantasy","8.0","Gore Verbinski","https://m.media-amazon.com/images/G/01/imdb/images/nopicture/large/film-184890147._CB466725069_.png"
"117","Good Will Hunting","Good Will Hunting","1997","R","126 min","drama,romance","8.3","Gus Van Sant","https://m.media-amazon.com/images/G/01/imdb/images/nopicture/large/film-184890147._CB466725069_.png"
"118","V for Vendetta","V for Vendetta","2005","R","132 min","action,drama,sci-fi","8.2","James McTeigue","https://m.media-amazon.com/images/G/01/imdb/images/nopicture/large/film-184890147._CB466725069_.png"
"119","The Help","The Help","2011","PG-13","146 min","drama","8.0","Tate Taylor","https://m.media-amazon.com/images/G/01/imdb/images/nopicture/large/film-184890147._CB466725069_.png"
"120","Portrait of a Lady on Fire","Portrait de la jeune fille en feu","2019","R","122 min","drama,romance","8.1","Céline Sciamma","https://m.media-amazon.com/images/G/01/imdb/images/nopicture/large/film-184890147._CB466725069_.png"
"121","A Clockwork Orange","Cỗ Máy Tội Phạm","1971","R","136 min","crime,drama,sci-fi","8.3","Stanley Kubrick","https://m.media-amazon.com/images/G/01/imdb/images/nopicture/large/film-184890147._CB466725069_.png"
"122","Star Wars: Episode IV - A New Hope","Star Wars: Niềm Hi Vọng Mới","1977","PG","121 min","action,adventure,fantasy","8.6","George Lucas","https://m.media-amazon.com/images/G/01/imdb/images/nopicture/large/film-184890147._CB466725069_.png"
"123","Citizen Kane","Citizen Kane","1941","PG","119 min","drama,mystery","8.3","Orson Welles","https://m.media-amazon.com/images/G/01/imdb/images/nopicture/large/film-184890147._CB466725069_.png"
"124","Saving Private Ryan","Giải Cứu Binh Nhì Ryan","1998","R","169 min","drama,war","8.6","Steven Spielberg","https://m.media-amazon.com/images/G/01/imdb/images/nopicture/large/film-184890147._CB466725069_.png"
"125","Donnie Darko","Donnie Darko","2001","R","113 min","drama,mystery,sci-fi","8.0","Richard Kelly","https://m.media-amazon.com/images/G/01/imdb/images/nopicture/large/film-184890147._CB466725069_.png"
"126","Iron Man","Người Sắt","2008","PG-13","126 min","action,adventure,sci-fi","7.9","Jon Favreau","https://m.media-amazon.com/images/G/01/imdb/images/nopicture/large/film-184890147._CB466725069_.png"
"127","Scarface","Scarface","1983","R","170 min","crime,drama","8.3","Brian De Palma","https://m.media-amazon.com/images/G/01/imdb/images/nopicture/large/film-184890147._CB466725069_.png"
"128","A Star Is Born","Vì Sao Vụt Sáng","2018","R","136 min","drama,music,romance","7.7","Bradley Cooper","https://m.media-amazon.com/images/G/01/imdb/images/nopicture/large/film-184890147._CB466725069_.png"
"129","The Terminator","Kẻ Hủy Diệt","1984","R","107 min","action,sci-fi","8.0","James Cameron","https://m.media-amazon.com/images/G/01/imdb/images/nopicture/large/film-184890147._CB466725069_.png"
"130","Logan","Logan: Người Sói","2017","R","137 min","action,drama,sci-fi","8.1","James Mangold","https://m.media-amazon.com/images/G/01/imdb/images/nopicture/large/film-184890147._CB466725069_.png"
"131","Back to the Future Part II","Back to the Future Part II","1989","PG","108 min","adventure,comedy,sci-fi","7.8","Robert Zemeckis","https://m.media-amazon.com/images/G/01/imdb/images/nopicture/large/film-184890147._CB466725069_.png"
"132","Saw","Saw","2004","R","103 min","horror,mystery","7.6","James Wan","https://m.media-amazon.com/images/G/01/imdb/images/nopicture/large/film-184890147._CB466725069_.png"
"133","Singin' in the Rain","Singin' in the Rain","1952","G","103 min","comedy,musical,romance","8.3","Stanley Donen","https://m.media-amazon.com/images/G/01/imdb/images/nopicture/large/film-184890147._CB466725069_.png"
"134","The Usual Suspects","Kẻ Chủ Mưu","1995","R","106 min","crime,mystery,thriller","8.5","Bryan Singer","https://m.media-amazon.com/images/G/01/imdb/images/nopicture/large/film-184890147._CB466725069_.png"
"135","Almost Famous","Almost Famous","2000","R","122 min","adventure,comedy,drama","7.9","Cameron Crowe","https://m.media-amazon.com/images/G/01/imdb/images/nopicture/large/film-184890147._CB466725069_.png"
"136","Boogie Nights","Boogie Nights","1997","R","155 min","drama","7.9","Paul Thomas Anderson","https://m.media-amazon.com/images/G/01/imdb/images/nopicture/large/film-184890147._CB466725069_.png"
"137","Harry Potter and the Deathly Hallows: Part 1","Harry Potter và Bảo Bối Tử Thần: Phần 1","2010","PG-13","146 min","adventure,family,fantasy","7.7","David Yates","https://m.media-amazon.com/images/G/01/imdb/images/nopicture/large/film-184890147._CB466725069_.png"
"138","Hacksaw Ridge","Hacksaw Ridge","2016","R","139 min","biography,drama,history","8.1","Mel Gibson","https://m.media-amazon.com/images/G/01/imdb/images/nopicture/large/film-184890147._CB466725069_.png"
"139","The Others","The Others","2001","PG-13","104 min","horror,mystery,thriller","7.6","Alejandro Amenábar","https://m.media-amazon.com/images/G/01/imdb/images/nopicture/large/film-184890147._CB466725069_.png"
"140","Her","Her","2013","R","126 min","drama,romance,sci-fi","8.0","Spike Jonze","https://m.media-amazon.com/images/G/01/imdb/images/nopicture/large/film-184890147._CB466725069_.png"
"141","Moana","Hành Trình Của Moana","i 2016","PG","107 min","animation,adventure,comedy","7.6","Ron Clements","https://m.media-amazon.com/images/G/01/imdb/images/nopicture/large/film-184890147._CB466725069_.png"
"142","Eternal Sunshine of the Spotless Mind","Tia Nắng Vĩnh Cửu Của Tâm Hồn Tinh Khiết","2004","R","108 min","drama,romance,sci-fi","8.3","Michel Gondry","https://m.media-amazon.com/images/G/01/imdb/images/nopicture/large/film-184890147._CB466725069_.png"
"143","Captain Fantastic","Captain Fantastic","2016","R","118 min","comedy,drama","7.9","Matt Ross","https://m.media-amazon.com/images/G/01/imdb/images/nopicture/large/film-184890147._CB466725069_.png"
"144","What We Do in the Shadows","What We Do in the Shadows","2014","R","86 min","comedy,horror","7.7","Jemaine Clement","https://m.media-amazon.com/images/G/01/imdb/images/nopicture/large/film-184890147._CB466725069_.png"
"145","Dallas Buyers Club","Dallas Buyers Club","2013","R","117 min","biography,drama","8.0","Jean-Marc Vallée","https://m.media-amazon.com/images/G/01/imdb/images/nopicture/large/film-184890147._CB466725069_.png"
"146","The Big Short","The Big Short","2015","R","130 min","biography,comedy,drama","7.8","Adam McKay","https://m.media-amazon.com/images/G/01/imdb/images/nopicture/large/film-184890147._CB466725069_.png"
"147","The Notebook","The Notebook","2004","PG-13","123 min","drama,romance","7.8","Nick Cassavetes","https://m.media-amazon.com/images/G/01/imdb/images/nopicture/large/film-184890147._CB466725069_.png"
"148","300","300","2006","R","117 min","action,drama","7.6","Zack Snyder","https://m.media-amazon.com/images/G/01/imdb/images/nopicture/large/film-184890147._CB466725069_.png"
"149","The Lord of the Rings: The Two Towers","Chúa Tể Những Chiếc Nhẫn: Hai Tòa Tháp","2002","PG-13","179 min","action,adventure,drama","8.7","Peter Jackson","https://m.media-amazon.com/images/G/01/imdb/images/nopicture/large/film-184890147._CB466725069_.png"
"150","Room","Room","i 2015","R","118 min","drama,thriller","8.1","Lenny Abrahamson","https://m.media-amazon.com/images/G/01/imdb/images/nopicture/large/film-184890147._CB466725069_.png"
"151","The Grand Budapest Hotel","The Grand Budapest Hotel","2014","R","99 min","adventure,comedy,crime","8.1","Wes Anderson","https://m.media-amazon.com/images/G/01/imdb/images/nopicture/large/film-184890147._CB466725069_.png"
"152","Star Trek","Star Trek","2009","PG-13","127 min","action,adventure,sci-fi","7.9","J.J. Abrams","https://m.media-amazon.com/images/G/01/imdb/images/nopicture/large/film-184890147._CB466725069_.png"
"153","Skyfall","Tử Địa Skyfall","2012","PG-13","143 min","action,adventure,thriller","7.7","Sam Mendes","https://m.media-amazon.com/images/G/01/imdb/images/nopicture/large/film-184890147._CB466725069_.png"
"154","Spirited Away","Vùng Đất Linh Hồn","2001","PG","125 min","animation,adventure,family","8.6","Hayao Miyazaki","https://m.media-amazon.com/images/G/01/imdb/images/nopicture/large/film-184890147._CB466725069_.png"
"155","Guardians of the Galaxy Vol. 2","Vệ Binh Dải Ngân Hà 2","2017","PG-13","136 min","action,adventure,comedy","7.6","James Gunn","https://m.media-amazon.com/images/G/01/imdb/images/nopicture/large/film-184890147._CB466725069_.png"
"156","Memento","Memento","2000","R","113 min","mystery,thriller","8.4","Christopher Nolan","https://m.media-amazon.com/images/G/01/imdb/images/nopicture/large/film-184890147._CB466725069_.png"
"157","The Avengers","Biệt Đội Siêu Anh Hùng","2012","PG-13","143 min","action,adventure,sci-fi","8.0","Joss Whedon","https://m.media-amazon.com/images/G/01/imdb/images/nopicture/large/film-184890147._CB466725069_.png"
"158","Heat","Heat","1995","R","170 min","crime,drama,thriller","8.2","Michael Mann","https://m.media-amazon.com/images/G/01/imdb/images/nopicture/large/film-184890147._CB466725069_.png"
"159","Hot Fuzz","Hot Fuzz","2007","R","121 min","action,comedy,mystery","7.8","Edgar Wright","https://m.media-amazon.com/images/G/01/imdb/images/nopicture/large/film-184890147._CB466725069_.png"
"160","Full Metal Jacket","Full Metal Jacket","1987","R","116 min","drama,war","8.3","Stanley Kubrick","https://m.media-amazon.com/images/G/01/imdb/images/nopicture/large/film-184890147._CB466725069_.png"
"161","Hidden Figures","Hidden Figures","2016","PG","127 min","biography,drama,history","7.8","Theodore Melfi","https://m.media-amazon.com/images/G/01/imdb/images/nopicture/large/film-184890147._CB466725069_.png"
"162","Bohemian Rhapsody","Bohemian Rhapsody: Huyền Thoại Ngôi Sao Nhạc Rock","2018","PG-13","134 min","biography,drama,music","8.0","Bryan Singer","https://m.media-amazon.com/images/G/01/imdb/images/nopicture/large/film-184890147._CB466725069_.png"
"163","28 Days Later...","28 Days Later...","2002","R","113 min","drama,horror,sci-fi","7.6","Danny Boyle","https://m.media-amazon.com/images/G/01/imdb/images/nopicture/large/film-184890147._CB466725069_.png"
"164","The Lion King","Vua Sư Tử","1994","G","88 min","animation,adventure,drama","8.5","Roger Allers","https://m.media-amazon.com/images/G/01/imdb/images/nopicture/large/film-184890147._CB466725069_.png"
"165","The Theory of Everything","Thuyêt Yêu Thuong","2014","PG-13","123 min","biography,drama,romance","7.7","James Marsh","https://m.media-amazon.com/images/G/01/imdb/images/nopicture/large/film-184890147._CB466725069_.png"
"166","The Girl with the Dragon Tattoo","The Girl with the Dragon Tattoo","2011","R","158 min","crime,drama,mystery","7.8","David Fincher","https://m.media-amazon.com/images/G/01/imdb/images/nopicture/large/film-184890147._CB466725069_.png"
"167","The Godfather: Part II","Bố Già Phần II","1974","R","202 min","crime,drama","9.0","Francis Ford Coppola","https://m.media-amazon.com/images/G/01/imdb/images/nopicture/large/film-184890147._CB466725069_.png"
"168","Terminator 2: Judgment Day","Kẻ Hủy Diệt 2: Ngày Phán Xét","1991","R","137 min","action,sci-fi","8.5","James Cameron","https://m.media-amazon.com/images/G/01/imdb/images/nopicture/large/film-184890147._CB466725069_.png"
"169","Mulholland Drive","Mulholland Dr.","2001","R","147 min","drama,mystery,thriller","8.0","David Lynch","https://m.media-amazon.com/images/G/01/imdb/images/nopicture/large/film-184890147._CB466725069_.png"
"170","Lost in Translation","Lost in Translation","2003","R","102 min","comedy,drama","7.7","Sofia Coppola","https://m.media-amazon.com/images/G/01/imdb/images/nopicture/large/film-184890147._CB466725069_.png"
"171","Pan's Labyrinth","Pan's Labyrinth","2006","R","118 min","drama,fantasy,war","8.2","Guillermo del Toro","https://m.media-amazon.com/images/G/01/imdb/images/nopicture/large/film-184890147._CB466725069_.png"
"172","The Wizard of Oz","Phu Thuy Xu Oz","1939","PG","102 min","adventure,family,fantasy","8.0","Victor Fleming","https://m.media-amazon.com/images/G/01/imdb/images/nopicture/large/film-184890147._CB466725069_.png"
"173","Shaun of the Dead","Shaun of the Dead","2004","R","99 min","comedy,horror","7.9","Edgar Wright","https://m.media-amazon.com/images/G/01/imdb/images/nopicture/large/film-184890147._CB466725069_.png"
"174","Snatch","Snatch","2000","R","102 min","comedy,crime","8.3","Guy Ritchie","https://m.media-amazon.com/images/G/01/imdb/images/nopicture/large/film-184890147._CB466725069_.png"
"175","12 Angry Men","12 Angry Men","1957","Approved","96 min","crime,drama","8.9","Sidney Lumet","https://m.media-amazon.com/images/G/01/imdb/images/nopicture/large/film-184890147._CB466725069_.png"
"176","The Fly","The Fly","1986","R","96 min","drama,horror,sci-fi","7.6","David Cronenberg","https://m.media-amazon.com/images/G/01/imdb/images/nopicture/large/film-184890147._CB466725069_.png"
"177","Catch Me If You Can","Hãy Bắt Tôi Nếu Có Thể","2002","PG-13","141 min","biography,crime,drama","8.1","Steven Spielberg","https://m.media-amazon.com/images/G/01/imdb/images/nopicture/large/film-184890147._CB466725069_.png"
"178","Moonrise Kingdom","Moonrise Kingdom","2012","PG-13","94 min","comedy,drama,romance","7.8","Wes Anderson","https://m.media-amazon.com/images/G/01/imdb/images/nopicture/large/film-184890147._CB466725069_.png"
"179","The Martian","Người Về Từ Sao Hỏa","2015","PG-13","144 min","adventure,drama,sci-fi","8.0","Ridley Scott","https://m.media-amazon.com/images/G/01/imdb/images/nopicture/large/film-184890147._CB466725069_.png"
"180","Manchester by the Sea","Manchester by the Sea","2016","R","137 min","drama","7.8","Kenneth Lonergan","https://m.media-amazon.com/images/G/01/imdb/images/nopicture/large/film-184890147._CB466725069_.png"
"181","The Hateful Eight","The Hateful Eight","2015","R","168 min","crime,drama,mystery","7.8","Quentin Tarantino","https://m.media-amazon.com/images/G/01/imdb/images/nopicture/large/film-184890147._CB466725069_.png"
"182","La La Land","Những Kẻ Khờ Mộng Mơ","2016","PG-13","128 min","comedy,drama,music","8.0","Damien Chazelle","https://m.media-amazon.com/images/G/01/imdb/images/nopicture/large/film-184890147._CB466725069_.png"
"183","Stand by Me","Stand by Me","1986","R","89 min","adventure,drama","8.1","Rob Reiner","https://m.media-amazon.com/images/G/01/imdb/images/nopicture/large/film-184890147._CB466725069_.png"
"184","A Few Good Men","A Few Good Men","1992","R","138 min","drama,thriller","7.7","Rob Reiner","https://m.media-amazon.com/images/G/01/imdb/images/nopicture/large/film-184890147._CB466725069_.png"
"185","Arrival","Cuộc Đổ Bộ Bí Ẩn","ii 2016","PG-13","116 min","drama,mystery,sci-fi","7.9","Denis Villeneuve","https://m.media-amazon.com/images/G/01/imdb/images/nopicture/large/film-184890147._CB466725069_.png"
"186","Marriage Story","Câu Chuyện Hôn Nhân","2019","R","137 min","comedy,drama,romance","8.0","Noah Baumbach","https://m.media-amazon.com/images/G/01/imdb/images/nopicture/large/film-184890147._CB466725069_.png"
"187","The Revenant","Người Về Từ Cõi Chết","2015","R","156 min","action,adventure,drama","8.0","Alejandro G. Iñárritu","https://m.media-amazon.com/images/G/01/imdb/images/nopicture/large/film-184890147._CB466725069_.png"
"188","Kingsman: The Secret Service","Mật Vụ Kingsman","2014","R","129 min","action,adventure,comedy","7.7","Matthew Vaughn","https://m.media-amazon.com/images/G/01/imdb/images/nopicture/large/film-184890147._CB466725069_.png"
"189","Rogue One: A Star Wars Story","Rogue One: Star Wars Ngoại Truyện","2016","PG-13","133 min","action,adventure,sci-fi","7.8","Gareth Edwards","https://m.media-amazon.com/images/G/01/imdb/images/nopicture/large/film-184890147._CB466725069_.png"
"190","Wonder","Điều Kỳ Diệu","i 2017","PG","113 min","drama,family","8.0","Stephen Chbosky","https://m.media-amazon.com/images/G/01/imdb/images/nopicture/large/film-184890147._CB466725069_.png"
"191","A Beautiful Mind","A Beautiful Mind","2001","PG-13","135 min","biography,drama","8.2","Ron Howard","https://m.media-amazon.com/images/G/01/imdb/images/nopicture/large/film-184890147._CB466725069_.png"
"192","Kick-Ass","Kick-Ass","2010","R","117 min","action,comedy,crime","7.6","Matthew Vaughn","https://m.media-amazon.com/images/G/01/imdb/images/nopicture/large/film-184890147._CB466725069_.png"
"193","Stardust","Stardust","2007","PG-13","127 min","adventure,family,fantasy","7.6","Matthew Vaughn","https://m.media-amazon.com/images/G/01/imdb/images/nopicture/large/film-184890147._CB466725069_.png"
"194","There Will Be Blood","There Will Be Blood","2007","R","158 min","drama","8.2","Paul Thomas Anderson","https://m.media-amazon.com/images/G/01/imdb/images/nopicture/large/film-184890147._CB466725069_.png"
"195","Scent of a Woman","Scent of a Woman","1992","R","156 min","drama","8.0","Martin Brest","https://m.media-amazon.com/images/G/01/imdb/images/nopicture/large/film-184890147._CB466725069_.png"
"196","2001: A Space Odyssey","2001: A Space Odyssey","1968","G","149 min","adventure,sci-fi","8.3","Stanley Kubrick","https://m.media-amazon.com/images/G/01/imdb/images/nopicture/large/film-184890147._CB466725069_.png"
"197","Black Swan","Thiên Nga Đen","2010","R","108 min","drama,thriller","8.0","Darren Aronofsky","https://m.media-amazon.com/images/G/01/imdb/images/nopicture/large/film-184890147._CB466725069_.png"
"198","Hunt for the Wilderpeople","Hunt for the Wilderpeople","2016","PG-13","101 min","adventure,comedy,drama","7.9","Taika Waititi","https://m.media-amazon.com/images/G/01/imdb/images/nopicture/large/film-184890147._CB466725069_.png"
"199","Toy Story 4","Câu Chuyện Đồ Chơi 4","2019","G","100 min","animation,adventure,comedy","7.8","Josh Cooley","https://m.media-amazon.com/images/G/01/imdb/images/nopicture/large/film-184890147._CB466725069_.png"
"200","The Hobbit: The Desolation of Smaug","Người Hobbit: Đại Chiến Với Rồng Lửa","2013","PG-13","161 min","adventure,fantasy","7.8","Peter Jackson","https://m.media-amazon.com/images/G/01/imdb/images/nopicture/large/film-184890147._CB466725069_.png"
